id,y
5000,0.00738255033557047
5001,0.9787472035794184
5002,0.00738255033557047
5003,0.9787472035794184
5004,0.9787472035794184
5005,0.00738255033557047
5006,0.9787472035794184
5007,0.00738255033557047
5008,0.00738255033557047
5009,0.9787472035794184
5010,0.9787472035794184
5011,0.9787472035794184
5012,0.9787472035794184
5013,0.00738255033557047
5014,0.9787472035794184
5015,0.9787472035794184
5016,0.9787472035794184
5017,0.13877551020408163
5018,0.7071129707112971
5019,0.00738255033557047
5020,0.00738255033557047
5021,0.00738255033557047
5022,0.9787472035794184
5023,0.9787472035794184
5024,0.7071129707112971
5025,0.9787472035794184
5026,0.9787472035794184
5027,0.8652094717668488
5028,0.00738255033557047
5029,0.00738255033557047
5030,0.2906574394463668
5031,0.9787472035794184
5032,0.9787472035794184
5033,0.8652094717668488
5034,0.00738255033557047
5035,0.00738255033557047
5036,0.8652094717668488
5037,0.00738255033557047
5038,0.8652094717668488
5039,0.00738255033557047
5040,0.00738255033557047
5041,0.00738255033557047
5042,0.2906574394463668
5043,0.00738255033557047
5044,0.8652094717668488
5045,0.9787472035794184
5046,0.8652094717668488
5047,0.00738255033557047
5048,0.9787472035794184
5049,0.00738255033557047
5050,0.7071129707112971
5051,0.9787472035794184
5052,0.00738255033557047
5053,0.00738255033557047
5054,0.8652094717668488
5055,0.9787472035794184
5056,0.3937007874015748
5057,0.13877551020408163
5058,0.7071129707112971
5059,0.3937007874015748
5060,0.8652094717668488
5061,0.7071129707112971
5062,0.8652094717668488
5063,0.7071129707112971
5064,0.13877551020408163
5065,0.00738255033557047
5066,0.9787472035794184
5067,0.3937007874015748
5068,0.9787472035794184
5069,0.7071129707112971
5070,0.3937007874015748
5071,0.8652094717668488
5072,0.3937007874015748
5073,0.2906574394463668
5074,0.9787472035794184
5075,0.9787472035794184
5076,0.9787472035794184
5077,0.00738255033557047
5078,0.9787472035794184
5079,0.7071129707112971
5080,0.9787472035794184
5081,0.9787472035794184
5082,0.00738255033557047
5083,0.8652094717668488
5084,0.00738255033557047
5085,0.7071129707112971
5086,0.9787472035794184
5087,0.00738255033557047
5088,0.00738255033557047
5089,0.00738255033557047
5090,0.00738255033557047
5091,0.8652094717668488
5092,0.7071129707112971
5093,0.9787472035794184
5094,0.00738255033557047
5095,0.00738255033557047
5096,0.9787472035794184
5097,0.9787472035794184
5098,0.00738255033557047
5099,0.00738255033557047
5100,0.9787472035794184
5101,0.2906574394463668
5102,0.00738255033557047
5103,0.7071129707112971
5104,0.9787472035794184
5105,0.9787472035794184
5106,0.9787472035794184
5107,0.7071129707112971
5108,0.9787472035794184
5109,0.2906574394463668
5110,0.9787472035794184
5111,0.8652094717668488
5112,0.00738255033557047
5113,0.00738255033557047
5114,0.9787472035794184
5115,0.8652094717668488
5116,0.00738255033557047
5117,0.00738255033557047
5118,0.13877551020408163
5119,0.2906574394463668
5120,0.00738255033557047
5121,0.7071129707112971
5122,0.8652094717668488
5123,0.9787472035794184
5124,0.9787472035794184
5125,0.9787472035794184
5126,0.00738255033557047
5127,0.00738255033557047
5128,0.9787472035794184
5129,0.7071129707112971
5130,0.9787472035794184
5131,0.00738255033557047
5132,0.2906574394463668
5133,0.00738255033557047
5134,0.00738255033557047
5135,0.00738255033557047
5136,0.9787472035794184
5137,0.2906574394463668
5138,0.00738255033557047
5139,0.8652094717668488
5140,0.00738255033557047
5141,0.00738255033557047
5142,0.00738255033557047
5143,0.9787472035794184
5144,0.00738255033557047
5145,0.7071129707112971
5146,0.9787472035794184
5147,0.00738255033557047
5148,0.00738255033557047
5149,0.9787472035794184
5150,0.2906574394463668
5151,0.9787472035794184
5152,0.9787472035794184
5153,0.7071129707112971
5154,0.00738255033557047
5155,0.00738255033557047
5156,0.9787472035794184
5157,0.00738255033557047
5158,0.9787472035794184
5159,0.9787472035794184
5160,0.00738255033557047
5161,0.8652094717668488
5162,0.7071129707112971
5163,0.9787472035794184
5164,0.9787472035794184
5165,0.9787472035794184
5166,0.9787472035794184
5167,0.9787472035794184
5168,0.8652094717668488
5169,0.9787472035794184
5170,0.9787472035794184
5171,0.9787472035794184
5172,0.00738255033557047
5173,0.6764705882352942
5174,0.00738255033557047
5175,0.8652094717668488
5176,0.7071129707112971
5177,0.00738255033557047
5178,0.8652094717668488
5179,0.13877551020408163
5180,0.00738255033557047
5181,0.8652094717668488
5182,0.9787472035794184
5183,0.3937007874015748
5184,0.9787472035794184
5185,0.7071129707112971
5186,0.00738255033557047
5187,0.13877551020408163
5188,0.00738255033557047
5189,0.00738255033557047
5190,0.9787472035794184
5191,0.00738255033557047
5192,0.2906574394463668
5193,0.00738255033557047
5194,0.00738255033557047
5195,0.9787472035794184
5196,0.9787472035794184
5197,0.9787472035794184
5198,0.00738255033557047
5199,0.00738255033557047
5200,0.8652094717668488
5201,0.00738255033557047
5202,0.9787472035794184
5203,0.8652094717668488
5204,0.00738255033557047
5205,0.3937007874015748
5206,0.00738255033557047
5207,0.9787472035794184
5208,0.00738255033557047
5209,0.9787472035794184
5210,0.00738255033557047
5211,0.2906574394463668
5212,0.13877551020408163
5213,0.00738255033557047
5214,0.00738255033557047
5215,0.7071129707112971
5216,0.8652094717668488
5217,0.2906574394463668
5218,0.9787472035794184
5219,0.8652094717668488
5220,0.00738255033557047
5221,0.00738255033557047
5222,0.00738255033557047
5223,0.9787472035794184
5224,0.00738255033557047
5225,0.9787472035794184
5226,0.9787472035794184
5227,0.8652094717668488
5228,0.8652094717668488
5229,0.00738255033557047
5230,0.9787472035794184
5231,0.00738255033557047
5232,0.7071129707112971
5233,0.00738255033557047
5234,0.7071129707112971
5235,0.9787472035794184
5236,0.9787472035794184
5237,0.9787472035794184
5238,0.9787472035794184
5239,0.7071129707112971
5240,0.9787472035794184
5241,0.00738255033557047
5242,0.00738255033557047
5243,0.00738255033557047
5244,0.9787472035794184
5245,0.7071129707112971
5246,0.9787472035794184
5247,0.00738255033557047
5248,0.9787472035794184
5249,0.3937007874015748
5250,0.00738255033557047
5251,0.8652094717668488
5252,0.8652094717668488
5253,0.00738255033557047
5254,0.9787472035794184
5255,0.7071129707112971
5256,0.9787472035794184
5257,0.9787472035794184
5258,0.00738255033557047
5259,0.00738255033557047
5260,0.3937007874015748
5261,0.00738255033557047
5262,0.8652094717668488
5263,0.13877551020408163
5264,0.8652094717668488
5265,0.9787472035794184
5266,0.00738255033557047
5267,0.9787472035794184
5268,0.3937007874015748
5269,0.8652094717668488
5270,0.2906574394463668
5271,0.3937007874015748
5272,0.9787472035794184
5273,0.13877551020408163
5274,0.00738255033557047
5275,0.9787472035794184
5276,0.9787472035794184
5277,0.00738255033557047
5278,0.9787472035794184
5279,0.9787472035794184
5280,0.00738255033557047
5281,0.00738255033557047
5282,0.8652094717668488
5283,0.13877551020408163
5284,0.8652094717668488
5285,0.7071129707112971
5286,0.9787472035794184
5287,0.00738255033557047
5288,0.00738255033557047
5289,0.2906574394463668
5290,0.00738255033557047
5291,0.9787472035794184
5292,0.9787472035794184
5293,0.9787472035794184
5294,0.9787472035794184
5295,0.00738255033557047
5296,0.9787472035794184
5297,0.8652094717668488
5298,0.00738255033557047
5299,0.9787472035794184
5300,0.9787472035794184
5301,0.3937007874015748
5302,0.9787472035794184
5303,0.00738255033557047
5304,0.00738255033557047
5305,0.9787472035794184
5306,0.9787472035794184
5307,0.9787472035794184
5308,0.9787472035794184
5309,0.9787472035794184
5310,0.9787472035794184
5311,0.00738255033557047
5312,0.00738255033557047
5313,0.8652094717668488
5314,0.2906574394463668
5315,0.9787472035794184
5316,0.3937007874015748
5317,0.00738255033557047
5318,0.00738255033557047
5319,0.9787472035794184
5320,0.7071129707112971
5321,0.9787472035794184
5322,0.9787472035794184
5323,0.00738255033557047
5324,0.00738255033557047
5325,0.9787472035794184
5326,0.00738255033557047
5327,0.9787472035794184
5328,0.00738255033557047
5329,0.7071129707112971
5330,0.00738255033557047
5331,0.00738255033557047
5332,0.9787472035794184
5333,0.9787472035794184
5334,0.00738255033557047
5335,0.9787472035794184
5336,0.8652094717668488
5337,0.00738255033557047
5338,0.13877551020408163
5339,0.2906574394463668
5340,0.9787472035794184
5341,0.8652094717668488
5342,0.8652094717668488
5343,0.7071129707112971
5344,0.00738255033557047
5345,0.00738255033557047
5346,0.00738255033557047
5347,0.9787472035794184
5348,0.00738255033557047
5349,0.9787472035794184
5350,0.00738255033557047
5351,0.8652094717668488
5352,0.8652094717668488
5353,0.7071129707112971
5354,0.9787472035794184
5355,0.00738255033557047
5356,0.3937007874015748
5357,0.9787472035794184
5358,0.00738255033557047
5359,0.8652094717668488
5360,0.9787472035794184
5361,0.9787472035794184
5362,0.7071129707112971
5363,0.9787472035794184
5364,0.9787472035794184
5365,0.00738255033557047
5366,0.7071129707112971
5367,0.00738255033557047
5368,0.7071129707112971
5369,0.00738255033557047
5370,0.13877551020408163
5371,0.9787472035794184
5372,0.00738255033557047
5373,0.2906574394463668
5374,0.9787472035794184
5375,0.8652094717668488
5376,0.9787472035794184
5377,0.9787472035794184
5378,0.00738255033557047
5379,0.00738255033557047
5380,0.00738255033557047
5381,0.00738255033557047
5382,0.00738255033557047
5383,0.00738255033557047
5384,0.3937007874015748
5385,0.13877551020408163
5386,0.00738255033557047
5387,0.2906574394463668
5388,0.00738255033557047
5389,0.9787472035794184
5390,0.7071129707112971
5391,0.2906574394463668
5392,0.00738255033557047
5393,0.3937007874015748
5394,0.9787472035794184
5395,0.9787472035794184
5396,0.9787472035794184
5397,0.2906574394463668
5398,0.00738255033557047
5399,0.00738255033557047
5400,0.00738255033557047
5401,0.3937007874015748
5402,0.7071129707112971
5403,0.9787472035794184
5404,0.7071129707112971
5405,0.9787472035794184
5406,0.9787472035794184
5407,0.9787472035794184
5408,0.8652094717668488
5409,0.9787472035794184
5410,0.8652094717668488
5411,0.00738255033557047
5412,0.9787472035794184
5413,0.9787472035794184
5414,0.00738255033557047
5415,0.2906574394463668
5416,0.9787472035794184
5417,0.00738255033557047
5418,0.7071129707112971
5419,0.8652094717668488
5420,0.9787472035794184
5421,0.8652094717668488
5422,0.00738255033557047
5423,0.8652094717668488
5424,0.9787472035794184
5425,0.9787472035794184
5426,0.13877551020408163
5427,0.9787472035794184
5428,0.13877551020408163
5429,0.00738255033557047
5430,0.8652094717668488
5431,0.00738255033557047
5432,0.2906574394463668
5433,0.9787472035794184
5434,0.00738255033557047
5435,0.00738255033557047
5436,0.9787472035794184
5437,0.9787472035794184
5438,0.00738255033557047
5439,0.9787472035794184
5440,0.9787472035794184
5441,0.9787472035794184
5442,0.00738255033557047
5443,0.2906574394463668
5444,0.2906574394463668
5445,0.00738255033557047
5446,0.9787472035794184
5447,0.9787472035794184
5448,0.7071129707112971
5449,0.9787472035794184
5450,0.00738255033557047
5451,0.13877551020408163
5452,0.13877551020408163
5453,0.00738255033557047
5454,0.8652094717668488
5455,0.7071129707112971
5456,0.00738255033557047
5457,0.7071129707112971
5458,0.9787472035794184
5459,0.7071129707112971
5460,0.9787472035794184
5461,0.7071129707112971
5462,0.8652094717668488
5463,0.9787472035794184
5464,0.8652094717668488
5465,0.7071129707112971
5466,0.9787472035794184
5467,0.9787472035794184
5468,0.00738255033557047
5469,0.3937007874015748
5470,0.9787472035794184
5471,0.9787472035794184
5472,0.8652094717668488
5473,0.8652094717668488
5474,0.9787472035794184
5475,0.7071129707112971
5476,0.9787472035794184
5477,0.8652094717668488
5478,0.9787472035794184
5479,0.9787472035794184
5480,0.00738255033557047
5481,0.8652094717668488
5482,0.13877551020408163
5483,0.00738255033557047
5484,0.9787472035794184
5485,0.9787472035794184
5486,0.2906574394463668
5487,0.00738255033557047
5488,0.13877551020408163
5489,0.9787472035794184
5490,0.6764705882352942
5491,0.00738255033557047
5492,0.8652094717668488
5493,0.8652094717668488
5494,0.00738255033557047
5495,0.2906574394463668
5496,0.9787472035794184
5497,0.8652094717668488
5498,0.00738255033557047
5499,0.9787472035794184
5500,0.00738255033557047
5501,0.9787472035794184
5502,0.7071129707112971
5503,0.9787472035794184
5504,0.00738255033557047
5505,0.00738255033557047
5506,0.00738255033557047
5507,0.9787472035794184
5508,0.00738255033557047
5509,0.00738255033557047
5510,0.00738255033557047
5511,0.13877551020408163
5512,0.7071129707112971
5513,0.8652094717668488
5514,0.00738255033557047
5515,0.7071129707112971
5516,0.9787472035794184
5517,0.7071129707112971
5518,0.8652094717668488
5519,0.9787472035794184
5520,0.00738255033557047
5521,0.2906574394463668
5522,0.8652094717668488
5523,0.9787472035794184
5524,0.00738255033557047
5525,0.9787472035794184
5526,0.00738255033557047
5527,0.9787472035794184
5528,0.9787472035794184
5529,0.9787472035794184
5530,0.00738255033557047
5531,0.9787472035794184
5532,0.00738255033557047
5533,0.2906574394463668
5534,0.8652094717668488
5535,0.9787472035794184
5536,0.7071129707112971
5537,0.9787472035794184
5538,0.13877551020408163
5539,0.9787472035794184
5540,0.00738255033557047
5541,0.00738255033557047
5542,0.9787472035794184
5543,0.7071129707112971
5544,0.00738255033557047
5545,0.9787472035794184
5546,0.00738255033557047
5547,0.9787472035794184
5548,0.3937007874015748
5549,0.9787472035794184
5550,0.00738255033557047
5551,0.7071129707112971
5552,0.13877551020408163
5553,0.9787472035794184
5554,0.00738255033557047
5555,0.8652094717668488
5556,0.3937007874015748
5557,0.7071129707112971
5558,0.9787472035794184
5559,0.13877551020408163
5560,0.9787472035794184
5561,0.00738255033557047
5562,0.00738255033557047
5563,0.9787472035794184
5564,0.9787472035794184
5565,0.00738255033557047
5566,0.00738255033557047
5567,0.00738255033557047
5568,0.9787472035794184
5569,0.9787472035794184
5570,0.9787472035794184
5571,0.2906574394463668
5572,0.8652094717668488
5573,0.2906574394463668
5574,0.8652094717668488
5575,0.00738255033557047
5576,0.9787472035794184
5577,0.9787472035794184
5578,0.00738255033557047
5579,0.9787472035794184
5580,0.8652094717668488
5581,0.8652094717668488
5582,0.00738255033557047
5583,0.9787472035794184
5584,0.8652094717668488
5585,0.9787472035794184
5586,0.8652094717668488
5587,0.9787472035794184
5588,0.00738255033557047
5589,0.8652094717668488
5590,0.7071129707112971
5591,0.00738255033557047
5592,0.2906574394463668
5593,0.00738255033557047
5594,0.9787472035794184
5595,0.00738255033557047
5596,0.9787472035794184
5597,0.3937007874015748
5598,0.3937007874015748
5599,0.2906574394463668
5600,0.00738255033557047
5601,0.9787472035794184
5602,0.00738255033557047
5603,0.00738255033557047
5604,0.00738255033557047
5605,0.9787472035794184
5606,0.9787472035794184
5607,0.13877551020408163
5608,0.9787472035794184
5609,0.9787472035794184
5610,0.00738255033557047
5611,0.00738255033557047
5612,0.00738255033557047
5613,0.00738255033557047
5614,0.00738255033557047
5615,0.9787472035794184
5616,0.9787472035794184
5617,0.7071129707112971
5618,0.8652094717668488
5619,0.9787472035794184
5620,0.9787472035794184
5621,0.00738255033557047
5622,0.2906574394463668
5623,0.9787472035794184
5624,0.00738255033557047
5625,0.00738255033557047
5626,0.7071129707112971
5627,0.8652094717668488
5628,0.00738255033557047
5629,0.9787472035794184
5630,0.9787472035794184
5631,0.9787472035794184
5632,0.9787472035794184
5633,0.9787472035794184
5634,0.9787472035794184
5635,0.9787472035794184
5636,0.00738255033557047
5637,0.8652094717668488
5638,0.00738255033557047
5639,0.8652094717668488
5640,0.00738255033557047
5641,0.2906574394463668
5642,0.8652094717668488
5643,0.9787472035794184
5644,0.9787472035794184
5645,0.9787472035794184
5646,0.00738255033557047
5647,0.9787472035794184
5648,0.00738255033557047
5649,0.9787472035794184
5650,0.3937007874015748
5651,0.9787472035794184
5652,0.00738255033557047
5653,0.00738255033557047
5654,0.9787472035794184
5655,0.7071129707112971
5656,0.7071129707112971
5657,0.7071129707112971
5658,0.13877551020408163
5659,0.00738255033557047
5660,0.2906574394463668
5661,0.8652094717668488
5662,0.9787472035794184
5663,0.9787472035794184
5664,0.00738255033557047
5665,0.8652094717668488
5666,0.8652094717668488
5667,0.9787472035794184
5668,0.7071129707112971
5669,0.9787472035794184
5670,0.8652094717668488
5671,0.9787472035794184
5672,0.7071129707112971
5673,0.9787472035794184
5674,0.2906574394463668
5675,0.8652094717668488
5676,0.00738255033557047
5677,0.7071129707112971
5678,0.8652094717668488
5679,0.9787472035794184
5680,0.9787472035794184
5681,0.3937007874015748
5682,0.9787472035794184
5683,0.00738255033557047
5684,0.13877551020408163
5685,0.7071129707112971
5686,0.7071129707112971
5687,0.00738255033557047
5688,0.00738255033557047
5689,0.9787472035794184
5690,0.00738255033557047
5691,0.9787472035794184
5692,0.00738255033557047
5693,0.00738255033557047
5694,0.9787472035794184
5695,0.00738255033557047
5696,0.00738255033557047
5697,0.9787472035794184
5698,0.00738255033557047
5699,0.9787472035794184
5700,0.9787472035794184
5701,0.00738255033557047
5702,0.7071129707112971
5703,0.9787472035794184
5704,0.8652094717668488
5705,0.7071129707112971
5706,0.00738255033557047
5707,0.00738255033557047
5708,0.9787472035794184
5709,0.00738255033557047
5710,0.8652094717668488
5711,0.00738255033557047
5712,0.8652094717668488
5713,0.7071129707112971
5714,0.00738255033557047
5715,0.9787472035794184
5716,0.9787472035794184
5717,0.00738255033557047
5718,0.2906574394463668
5719,0.00738255033557047
5720,0.00738255033557047
5721,0.13877551020408163
5722,0.7071129707112971
5723,0.9787472035794184
5724,0.00738255033557047
5725,0.9787472035794184
5726,0.9787472035794184
5727,0.2906574394463668
5728,0.7071129707112971
5729,0.9787472035794184
5730,0.00738255033557047
5731,0.00738255033557047
5732,0.00738255033557047
5733,0.9787472035794184
5734,0.00738255033557047
5735,0.9787472035794184
5736,0.9787472035794184
5737,0.00738255033557047
5738,0.00738255033557047
5739,0.8652094717668488
5740,0.2906574394463668
5741,0.00738255033557047
5742,0.00738255033557047
5743,0.9787472035794184
5744,0.00738255033557047
5745,0.8652094717668488
5746,0.9787472035794184
5747,0.9787472035794184
5748,0.9787472035794184
5749,0.9787472035794184
5750,0.9787472035794184
5751,0.00738255033557047
5752,0.00738255033557047
5753,0.9787472035794184
5754,0.7071129707112971
5755,0.00738255033557047
5756,0.9787472035794184
5757,0.7071129707112971
5758,0.7071129707112971
5759,0.7071129707112971
5760,0.00738255033557047
5761,0.8652094717668488
5762,0.7071129707112971
5763,0.00738255033557047
5764,0.9787472035794184
5765,0.00738255033557047
5766,0.9787472035794184
5767,0.7071129707112971
5768,0.7071129707112971
5769,0.00738255033557047
5770,0.00738255033557047
5771,0.9787472035794184
5772,0.9787472035794184
5773,0.9787472035794184
5774,0.2906574394463668
5775,0.9787472035794184
5776,0.7071129707112971
5777,0.00738255033557047
5778,0.9787472035794184
5779,0.00738255033557047
5780,0.9787472035794184
5781,0.9787472035794184
5782,0.3937007874015748
5783,0.00738255033557047
5784,0.7071129707112971
5785,0.9787472035794184
5786,0.8652094717668488
5787,0.9787472035794184
5788,0.00738255033557047
5789,0.13877551020408163
5790,0.9787472035794184
5791,0.00738255033557047
5792,0.9787472035794184
5793,0.9787472035794184
5794,0.9787472035794184
5795,0.00738255033557047
5796,0.9787472035794184
5797,0.9787472035794184
5798,0.00738255033557047
5799,0.2906574394463668
5800,0.8652094717668488
5801,0.9787472035794184
5802,0.00738255033557047
5803,0.7071129707112971
5804,0.7071129707112971
5805,0.7071129707112971
5806,0.00738255033557047
5807,0.00738255033557047
5808,0.7071129707112971
5809,0.9787472035794184
5810,0.00738255033557047
5811,0.2906574394463668
5812,0.3937007874015748
5813,0.13877551020408163
5814,0.7071129707112971
5815,0.9787472035794184
5816,0.00738255033557047
5817,0.13877551020408163
5818,0.00738255033557047
5819,0.9787472035794184
5820,0.9787472035794184
5821,0.8652094717668488
5822,0.9787472035794184
5823,0.00738255033557047
5824,0.9787472035794184
5825,0.00738255033557047
5826,0.00738255033557047
5827,0.00738255033557047
5828,0.00738255033557047
5829,0.8652094717668488
5830,0.2906574394463668
5831,0.00738255033557047
5832,0.7071129707112971
5833,0.7071129707112971
5834,0.9787472035794184
5835,0.00738255033557047
5836,0.9787472035794184
5837,0.9787472035794184
5838,0.9787472035794184
5839,0.00738255033557047
5840,0.13877551020408163
5841,0.9787472035794184
5842,0.9787472035794184
5843,0.00738255033557047
5844,0.9787472035794184
5845,0.00738255033557047
5846,0.9787472035794184
5847,0.9787472035794184
5848,0.3937007874015748
5849,0.7071129707112971
5850,0.8652094717668488
5851,0.9787472035794184
5852,0.2906574394463668
5853,0.6764705882352942
5854,0.9787472035794184
5855,0.7071129707112971
5856,0.7071129707112971
5857,0.00738255033557047
5858,0.9787472035794184
5859,0.00738255033557047
5860,0.9787472035794184
5861,0.2906574394463668
5862,0.9787472035794184
5863,0.7071129707112971
5864,0.8652094717668488
5865,0.00738255033557047
5866,0.2906574394463668
5867,0.9787472035794184
5868,0.9787472035794184
5869,0.9787472035794184
5870,0.7071129707112971
5871,0.00738255033557047
5872,0.00738255033557047
5873,0.8652094717668488
5874,0.8652094717668488
5875,0.9787472035794184
5876,0.00738255033557047
5877,0.7071129707112971
5878,0.9787472035794184
5879,0.00738255033557047
5880,0.3937007874015748
5881,0.8652094717668488
5882,0.00738255033557047
5883,0.7071129707112971
5884,0.3937007874015748
5885,0.9787472035794184
5886,0.00738255033557047
5887,0.13877551020408163
5888,0.2906574394463668
5889,0.7071129707112971
5890,0.00738255033557047
5891,0.8652094717668488
5892,0.9787472035794184
5893,0.9787472035794184
5894,0.9787472035794184
5895,0.00738255033557047
5896,0.9787472035794184
5897,0.3937007874015748
5898,0.9787472035794184
5899,0.7071129707112971
5900,0.13877551020408163
5901,0.00738255033557047
5902,0.2906574394463668
5903,0.9787472035794184
5904,0.8652094717668488
5905,0.00738255033557047
5906,0.00738255033557047
5907,0.6764705882352942
5908,0.9787472035794184
5909,0.00738255033557047
5910,0.00738255033557047
5911,0.00738255033557047
5912,0.9787472035794184
5913,0.9787472035794184
5914,0.2906574394463668
5915,0.9787472035794184
5916,0.00738255033557047
5917,0.9787472035794184
5918,0.8652094717668488
5919,0.00738255033557047
5920,0.7071129707112971
5921,0.00738255033557047
5922,0.8652094717668488
5923,0.13877551020408163
5924,0.9787472035794184
5925,0.8652094717668488
5926,0.00738255033557047
5927,0.00738255033557047
5928,0.9787472035794184
5929,0.13877551020408163
5930,0.00738255033557047
5931,0.00738255033557047
5932,0.9787472035794184
5933,0.8652094717668488
5934,0.7071129707112971
5935,0.7071129707112971
5936,0.9787472035794184
5937,0.8652094717668488
5938,0.00738255033557047
5939,0.3937007874015748
5940,0.9787472035794184
5941,0.00738255033557047
5942,0.9787472035794184
5943,0.8652094717668488
5944,0.00738255033557047
5945,0.9787472035794184
5946,0.9787472035794184
5947,0.8652094717668488
5948,0.7071129707112971
5949,0.9787472035794184
5950,0.8652094717668488
5951,0.9787472035794184
5952,0.13877551020408163
5953,0.2906574394463668
5954,0.00738255033557047
5955,0.9787472035794184
5956,0.9787472035794184
5957,0.9787472035794184
5958,0.00738255033557047
5959,0.9787472035794184
5960,0.00738255033557047
5961,0.00738255033557047
5962,0.00738255033557047
5963,0.7071129707112971
5964,0.00738255033557047
5965,0.9787472035794184
5966,0.9787472035794184
5967,0.00738255033557047
5968,0.9787472035794184
5969,0.00738255033557047
5970,0.6764705882352942
5971,0.2906574394463668
5972,0.9787472035794184
5973,0.9787472035794184
5974,0.9787472035794184
5975,0.00738255033557047
5976,0.00738255033557047
5977,0.9787472035794184
5978,0.00738255033557047
5979,0.00738255033557047
5980,0.00738255033557047
5981,0.00738255033557047
5982,0.00738255033557047
5983,0.8652094717668488
5984,0.00738255033557047
5985,0.9787472035794184
5986,0.9787472035794184
5987,0.8652094717668488
5988,0.00738255033557047
5989,0.9787472035794184
5990,0.9787472035794184
5991,0.13877551020408163
5992,0.2906574394463668
5993,0.9787472035794184
5994,0.9787472035794184
5995,0.00738255033557047
5996,0.3937007874015748
5997,0.00738255033557047
5998,0.8652094717668488
5999,0.9787472035794184
6000,0.9787472035794184
6001,0.2906574394463668
6002,0.00738255033557047
6003,0.9787472035794184
6004,0.8652094717668488
6005,0.00738255033557047
6006,0.00738255033557047
6007,0.8652094717668488
6008,0.00738255033557047
6009,0.9787472035794184
6010,0.7071129707112971
6011,0.9787472035794184
6012,0.8652094717668488
6013,0.00738255033557047
6014,0.9787472035794184
6015,0.2906574394463668
6016,0.00738255033557047
6017,0.2906574394463668
6018,0.9787472035794184
6019,0.9787472035794184
6020,0.9787472035794184
6021,0.9787472035794184
6022,0.9787472035794184
6023,0.9787472035794184
6024,0.00738255033557047
6025,0.00738255033557047
6026,0.7071129707112971
6027,0.9787472035794184
6028,0.8652094717668488
6029,0.9787472035794184
6030,0.00738255033557047
6031,0.9787472035794184
6032,0.7071129707112971
6033,0.9787472035794184
6034,0.00738255033557047
6035,0.9787472035794184
6036,0.00738255033557047
6037,0.9787472035794184
6038,0.00738255033557047
6039,0.2906574394463668
6040,0.9787472035794184
6041,0.00738255033557047
6042,0.8652094717668488
6043,0.2906574394463668
6044,0.9787472035794184
6045,0.00738255033557047
6046,0.3937007874015748
6047,0.9787472035794184
6048,0.9787472035794184
6049,0.8652094717668488
6050,0.9787472035794184
6051,0.9787472035794184
6052,0.7071129707112971
6053,0.8652094717668488
6054,0.13877551020408163
6055,0.9787472035794184
6056,0.9787472035794184
6057,0.13877551020408163
6058,0.8652094717668488
6059,0.00738255033557047
6060,0.13877551020408163
6061,0.9787472035794184
6062,0.00738255033557047
6063,0.13877551020408163
6064,0.9787472035794184
6065,0.9787472035794184
6066,0.9787472035794184
6067,0.9787472035794184
6068,0.00738255033557047
6069,0.9787472035794184
6070,0.9787472035794184
6071,0.9787472035794184
6072,0.9787472035794184
6073,0.8652094717668488
6074,0.8652094717668488
6075,0.9787472035794184
6076,0.13877551020408163
6077,0.7071129707112971
6078,0.2906574394463668
6079,0.3937007874015748
6080,0.3937007874015748
6081,0.9787472035794184
6082,0.9787472035794184
6083,0.9787472035794184
6084,0.7071129707112971
6085,0.9787472035794184
6086,0.9787472035794184
6087,0.9787472035794184
6088,0.9787472035794184
6089,0.00738255033557047
6090,0.9787472035794184
6091,0.7071129707112971
6092,0.13877551020408163
6093,0.9787472035794184
6094,0.9787472035794184
6095,0.9787472035794184
6096,0.7071129707112971
6097,0.7071129707112971
6098,0.8652094717668488
6099,0.7071129707112971
6100,0.9787472035794184
6101,0.00738255033557047
6102,0.9787472035794184
6103,0.9787472035794184
6104,0.8652094717668488
6105,0.9787472035794184
6106,0.9787472035794184
6107,0.00738255033557047
6108,0.3937007874015748
6109,0.00738255033557047
6110,0.8652094717668488
6111,0.00738255033557047
6112,0.7071129707112971
6113,0.7071129707112971
6114,0.8652094717668488
6115,0.00738255033557047
6116,0.00738255033557047
6117,0.9787472035794184
6118,0.9787472035794184
6119,0.00738255033557047
6120,0.7071129707112971
6121,0.9787472035794184
6122,0.7071129707112971
6123,0.9787472035794184
6124,0.00738255033557047
6125,0.8652094717668488
6126,0.9787472035794184
6127,0.00738255033557047
6128,0.9787472035794184
6129,0.13877551020408163
6130,0.2906574394463668
6131,0.9787472035794184
6132,0.00738255033557047
6133,0.9787472035794184
6134,0.9787472035794184
6135,0.8652094717668488
6136,0.8652094717668488
6137,0.9787472035794184
6138,0.7071129707112971
6139,0.7071129707112971
6140,0.9787472035794184
6141,0.9787472035794184
6142,0.9787472035794184
6143,0.8652094717668488
6144,0.9787472035794184
6145,0.9787472035794184
6146,0.13877551020408163
6147,0.13877551020408163
6148,0.00738255033557047
6149,0.8652094717668488
6150,0.00738255033557047
6151,0.2906574394463668
6152,0.9787472035794184
6153,0.2906574394463668
6154,0.9787472035794184
6155,0.9787472035794184
6156,0.9787472035794184
6157,0.2906574394463668
6158,0.00738255033557047
6159,0.9787472035794184
6160,0.00738255033557047
6161,0.8652094717668488
6162,0.9787472035794184
6163,0.00738255033557047
6164,0.9787472035794184
6165,0.9787472035794184
6166,0.9787472035794184
6167,0.9787472035794184
6168,0.8652094717668488
6169,0.9787472035794184
6170,0.9787472035794184
6171,0.9787472035794184
6172,0.2906574394463668
6173,0.00738255033557047
6174,0.9787472035794184
6175,0.8652094717668488
6176,0.9787472035794184
6177,0.7071129707112971
6178,0.7071129707112971
6179,0.7071129707112971
6180,0.2906574394463668
6181,0.00738255033557047
6182,0.9787472035794184
6183,0.00738255033557047
6184,0.00738255033557047
6185,0.9787472035794184
6186,0.00738255033557047
6187,0.9787472035794184
6188,0.00738255033557047
6189,0.00738255033557047
6190,0.00738255033557047
6191,0.3937007874015748
6192,0.9787472035794184
6193,0.9787472035794184
6194,0.8652094717668488
6195,0.00738255033557047
6196,0.6764705882352942
6197,0.8652094717668488
6198,0.8652094717668488
6199,0.8652094717668488
6200,0.00738255033557047
6201,0.7071129707112971
6202,0.00738255033557047
6203,0.7071129707112971
6204,0.9787472035794184
6205,0.8652094717668488
6206,0.00738255033557047
6207,0.00738255033557047
6208,0.9787472035794184
6209,0.9787472035794184
6210,0.9787472035794184
6211,0.13877551020408163
6212,0.9787472035794184
6213,0.8652094717668488
6214,0.2906574394463668
6215,0.9787472035794184
6216,0.00738255033557047
6217,0.00738255033557047
6218,0.8652094717668488
6219,0.00738255033557047
6220,0.13877551020408163
6221,0.13877551020408163
6222,0.3937007874015748
6223,0.9787472035794184
6224,0.9787472035794184
6225,0.8652094717668488
6226,0.7071129707112971
6227,0.3937007874015748
6228,0.00738255033557047
6229,0.8652094717668488
6230,0.00738255033557047
6231,0.9787472035794184
6232,0.9787472035794184
6233,0.00738255033557047
6234,0.2906574394463668
6235,0.00738255033557047
6236,0.9787472035794184
6237,0.00738255033557047
6238,0.9787472035794184
6239,0.6764705882352942
6240,0.00738255033557047
6241,0.7071129707112971
6242,0.9787472035794184
6243,0.9787472035794184
6244,0.7071129707112971
6245,0.9787472035794184
6246,0.8652094717668488
6247,0.00738255033557047
6248,0.7071129707112971
6249,0.9787472035794184
6250,0.00738255033557047
6251,0.00738255033557047
6252,0.2906574394463668
6253,0.00738255033557047
6254,0.2906574394463668
6255,0.2906574394463668
6256,0.7071129707112971
6257,0.3937007874015748
6258,0.3937007874015748
6259,0.9787472035794184
6260,0.7071129707112971
6261,0.9787472035794184
6262,0.3937007874015748
6263,0.9787472035794184
6264,0.13877551020408163
6265,0.9787472035794184
6266,0.9787472035794184
6267,0.9787472035794184
6268,0.9787472035794184
6269,0.00738255033557047
6270,0.9787472035794184
6271,0.2906574394463668
6272,0.9787472035794184
6273,0.13877551020408163
6274,0.00738255033557047
6275,0.9787472035794184
6276,0.9787472035794184
6277,0.3937007874015748
6278,0.9787472035794184
6279,0.9787472035794184
6280,0.00738255033557047
6281,0.00738255033557047
6282,0.9787472035794184
6283,0.9787472035794184
6284,0.9787472035794184
6285,0.00738255033557047
6286,0.00738255033557047
6287,0.00738255033557047
6288,0.9787472035794184
6289,0.00738255033557047
6290,0.9787472035794184
6291,0.9787472035794184
6292,0.8652094717668488
6293,0.3937007874015748
6294,0.9787472035794184
6295,0.2906574394463668
6296,0.7071129707112971
6297,0.00738255033557047
6298,0.00738255033557047
6299,0.9787472035794184
6300,0.9787472035794184
6301,0.00738255033557047
6302,0.9787472035794184
6303,0.3937007874015748
6304,0.00738255033557047
6305,0.8652094717668488
6306,0.8652094717668488
6307,0.00738255033557047
6308,0.7071129707112971
6309,0.9787472035794184
6310,0.00738255033557047
6311,0.7071129707112971
6312,0.8652094717668488
6313,0.9787472035794184
6314,0.9787472035794184
6315,0.6764705882352942
6316,0.00738255033557047
6317,0.2906574394463668
6318,0.00738255033557047
6319,0.9787472035794184
6320,0.00738255033557047
6321,0.00738255033557047
6322,0.9787472035794184
6323,0.7071129707112971
6324,0.9787472035794184
6325,0.9787472035794184
6326,0.9787472035794184
6327,0.00738255033557047
6328,0.00738255033557047
6329,0.6764705882352942
6330,0.8652094717668488
6331,0.00738255033557047
6332,0.2906574394463668
6333,0.2906574394463668
6334,0.9787472035794184
6335,0.6764705882352942
6336,0.7071129707112971
6337,0.7071129707112971
6338,0.00738255033557047
6339,0.00738255033557047
6340,0.9787472035794184
6341,0.00738255033557047
6342,0.9787472035794184
6343,0.13877551020408163
6344,0.00738255033557047
6345,0.9787472035794184
6346,0.9787472035794184
6347,0.9787472035794184
6348,0.7071129707112971
6349,0.9787472035794184
6350,0.00738255033557047
6351,0.8652094717668488
6352,0.9787472035794184
6353,0.00738255033557047
6354,0.2906574394463668
6355,0.00738255033557047
6356,0.9787472035794184
6357,0.8652094717668488
6358,0.9787472035794184
6359,0.00738255033557047
6360,0.00738255033557047
6361,0.9787472035794184
6362,0.8652094717668488
6363,0.2906574394463668
6364,0.9787472035794184
6365,0.00738255033557047
6366,0.00738255033557047
6367,0.8652094717668488
6368,0.13877551020408163
6369,0.8652094717668488
6370,0.7071129707112971
6371,0.13877551020408163
6372,0.00738255033557047
6373,0.9787472035794184
6374,0.9787472035794184
6375,0.8652094717668488
6376,0.00738255033557047
6377,0.7071129707112971
6378,0.00738255033557047
6379,0.2906574394463668
6380,0.00738255033557047
6381,0.7071129707112971
6382,0.00738255033557047
6383,0.9787472035794184
6384,0.7071129707112971
6385,0.9787472035794184
6386,0.8652094717668488
6387,0.9787472035794184
6388,0.8652094717668488
6389,0.9787472035794184
6390,0.9787472035794184
6391,0.00738255033557047
6392,0.2906574394463668
6393,0.00738255033557047
6394,0.00738255033557047
6395,0.3937007874015748
6396,0.9787472035794184
6397,0.9787472035794184
6398,0.7071129707112971
6399,0.13877551020408163
6400,0.9787472035794184
6401,0.00738255033557047
6402,0.9787472035794184
6403,0.8652094717668488
6404,0.9787472035794184
6405,0.9787472035794184
6406,0.7071129707112971
6407,0.9787472035794184
6408,0.00738255033557047
6409,0.8652094717668488
6410,0.8652094717668488
6411,0.00738255033557047
6412,0.00738255033557047
6413,0.9787472035794184
6414,0.9787472035794184
6415,0.8652094717668488
6416,0.9787472035794184
6417,0.7071129707112971
6418,0.8652094717668488
6419,0.00738255033557047
6420,0.9787472035794184
6421,0.9787472035794184
6422,0.00738255033557047
6423,0.8652094717668488
6424,0.9787472035794184
6425,0.9787472035794184
6426,0.00738255033557047
6427,0.00738255033557047
6428,0.8652094717668488
6429,0.8652094717668488
6430,0.8652094717668488
6431,0.00738255033557047
6432,0.9787472035794184
6433,0.9787472035794184
6434,0.00738255033557047
6435,0.9787472035794184
6436,0.00738255033557047
6437,0.9787472035794184
6438,0.9787472035794184
6439,0.00738255033557047
6440,0.2906574394463668
6441,0.00738255033557047
6442,0.9787472035794184
6443,0.7071129707112971
6444,0.00738255033557047
6445,0.00738255033557047
6446,0.9787472035794184
6447,0.00738255033557047
6448,0.00738255033557047
6449,0.9787472035794184
6450,0.00738255033557047
6451,0.00738255033557047
6452,0.8652094717668488
6453,0.3937007874015748
6454,0.00738255033557047
6455,0.00738255033557047
6456,0.13877551020408163
6457,0.9787472035794184
6458,0.9787472035794184
6459,0.00738255033557047
6460,0.00738255033557047
6461,0.00738255033557047
6462,0.9787472035794184
6463,0.9787472035794184
6464,0.3937007874015748
6465,0.00738255033557047
6466,0.8652094717668488
6467,0.8652094717668488
6468,0.9787472035794184
6469,0.7071129707112971
6470,0.8652094717668488
6471,0.6764705882352942
6472,0.13877551020408163
6473,0.2906574394463668
6474,0.9787472035794184
6475,0.00738255033557047
6476,0.9787472035794184
6477,0.9787472035794184
6478,0.00738255033557047
6479,0.8652094717668488
6480,0.9787472035794184
6481,0.9787472035794184
6482,0.3937007874015748
6483,0.9787472035794184
6484,0.00738255033557047
6485,0.7071129707112971
6486,0.9787472035794184
6487,0.3937007874015748
6488,0.00738255033557047
6489,0.2906574394463668
6490,0.9787472035794184
6491,0.9787472035794184
6492,0.00738255033557047
6493,0.9787472035794184
6494,0.8652094717668488
6495,0.13877551020408163
6496,0.00738255033557047
6497,0.00738255033557047
6498,0.9787472035794184
6499,0.9787472035794184
6500,0.9787472035794184
6501,0.9787472035794184
6502,0.13877551020408163
6503,0.9787472035794184
6504,0.00738255033557047
6505,0.00738255033557047
6506,0.00738255033557047
6507,0.9787472035794184
6508,0.00738255033557047
6509,0.00738255033557047
6510,0.00738255033557047
6511,0.00738255033557047
6512,0.9787472035794184
6513,0.9787472035794184
6514,0.00738255033557047
6515,0.9787472035794184
6516,0.7071129707112971
6517,0.8652094717668488
6518,0.9787472035794184
6519,0.2906574394463668
6520,0.9787472035794184
6521,0.00738255033557047
6522,0.13877551020408163
6523,0.9787472035794184
6524,0.9787472035794184
6525,0.00738255033557047
6526,0.9787472035794184
6527,0.3937007874015748
6528,0.00738255033557047
6529,0.9787472035794184
6530,0.8652094717668488
6531,0.9787472035794184
6532,0.9787472035794184
6533,0.00738255033557047
6534,0.3937007874015748
6535,0.9787472035794184
6536,0.00738255033557047
6537,0.8652094717668488
6538,0.9787472035794184
6539,0.00738255033557047
6540,0.9787472035794184
6541,0.13877551020408163
6542,0.00738255033557047
6543,0.00738255033557047
6544,0.00738255033557047
6545,0.00738255033557047
6546,0.9787472035794184
6547,0.00738255033557047
6548,0.7071129707112971
6549,0.00738255033557047
6550,0.8652094717668488
6551,0.9787472035794184
6552,0.8652094717668488
6553,0.9787472035794184
6554,0.9787472035794184
6555,0.8652094717668488
6556,0.00738255033557047
6557,0.3937007874015748
6558,0.00738255033557047
6559,0.7071129707112971
6560,0.00738255033557047
6561,0.9787472035794184
6562,0.9787472035794184
6563,0.9787472035794184
6564,0.9787472035794184
6565,0.7071129707112971
6566,0.00738255033557047
6567,0.9787472035794184
6568,0.7071129707112971
6569,0.00738255033557047
6570,0.9787472035794184
6571,0.9787472035794184
6572,0.9787472035794184
6573,0.9787472035794184
6574,0.2906574394463668
6575,0.00738255033557047
6576,0.8652094717668488
6577,0.00738255033557047
6578,0.00738255033557047
6579,0.2906574394463668
6580,0.00738255033557047
6581,0.00738255033557047
6582,0.9787472035794184
6583,0.9787472035794184
6584,0.9787472035794184
6585,0.2906574394463668
6586,0.9787472035794184
6587,0.00738255033557047
6588,0.7071129707112971
6589,0.00738255033557047
6590,0.9787472035794184
6591,0.9787472035794184
6592,0.9787472035794184
6593,0.9787472035794184
6594,0.7071129707112971
6595,0.2906574394463668
6596,0.00738255033557047
6597,0.9787472035794184
6598,0.13877551020408163
6599,0.8652094717668488
6600,0.8652094717668488
6601,0.9787472035794184
6602,0.8652094717668488
6603,0.00738255033557047
6604,0.8652094717668488
6605,0.00738255033557047
6606,0.8652094717668488
6607,0.7071129707112971
6608,0.9787472035794184
6609,0.8652094717668488
6610,0.00738255033557047
6611,0.00738255033557047
6612,0.00738255033557047
6613,0.9787472035794184
6614,0.9787472035794184
6615,0.9787472035794184
6616,0.00738255033557047
6617,0.9787472035794184
6618,0.00738255033557047
6619,0.00738255033557047
6620,0.8652094717668488
6621,0.00738255033557047
6622,0.9787472035794184
6623,0.7071129707112971
6624,0.7071129707112971
6625,0.9787472035794184
6626,0.7071129707112971
6627,0.3937007874015748
6628,0.9787472035794184
6629,0.00738255033557047
6630,0.9787472035794184
6631,0.00738255033557047
6632,0.8652094717668488
6633,0.00738255033557047
6634,0.9787472035794184
6635,0.7071129707112971
6636,0.00738255033557047
6637,0.8652094717668488
6638,0.8652094717668488
6639,0.00738255033557047
6640,0.9787472035794184
6641,0.13877551020408163
6642,0.9787472035794184
6643,0.7071129707112971
6644,0.00738255033557047
6645,0.00738255033557047
6646,0.00738255033557047
6647,0.9787472035794184
6648,0.00738255033557047
6649,0.00738255033557047
6650,0.00738255033557047
6651,0.00738255033557047
6652,0.9787472035794184
6653,0.13877551020408163
6654,0.9787472035794184
6655,0.9787472035794184
6656,0.8652094717668488
6657,0.3937007874015748
6658,0.00738255033557047
6659,0.00738255033557047
6660,0.00738255033557047
6661,0.7071129707112971
6662,0.9787472035794184
6663,0.3937007874015748
6664,0.9787472035794184
6665,0.00738255033557047
6666,0.9787472035794184
6667,0.9787472035794184
6668,0.7071129707112971
6669,0.9787472035794184
6670,0.9787472035794184
6671,0.00738255033557047
6672,0.9787472035794184
6673,0.9787472035794184
6674,0.00738255033557047
6675,0.2906574394463668
6676,0.13877551020408163
6677,0.9787472035794184
6678,0.00738255033557047
6679,0.8652094717668488
6680,0.7071129707112971
6681,0.9787472035794184
6682,0.9787472035794184
6683,0.00738255033557047
6684,0.13877551020408163
6685,0.00738255033557047
6686,0.00738255033557047
6687,0.7071129707112971
6688,0.9787472035794184
6689,0.2906574394463668
6690,0.7071129707112971
6691,0.8652094717668488
6692,0.9787472035794184
6693,0.13877551020408163
6694,0.7071129707112971
6695,0.9787472035794184
6696,0.00738255033557047
6697,0.00738255033557047
6698,0.9787472035794184
6699,0.00738255033557047
6700,0.00738255033557047
6701,0.00738255033557047
6702,0.00738255033557047
6703,0.00738255033557047
6704,0.00738255033557047
6705,0.9787472035794184
6706,0.9787472035794184
6707,0.9787472035794184
6708,0.9787472035794184
6709,0.8652094717668488
6710,0.9787472035794184
6711,0.13877551020408163
6712,0.7071129707112971
6713,0.9787472035794184
6714,0.7071129707112971
6715,0.13877551020408163
6716,0.9787472035794184
6717,0.00738255033557047
6718,0.9787472035794184
6719,0.2906574394463668
6720,0.8652094717668488
6721,0.00738255033557047
6722,0.8652094717668488
6723,0.00738255033557047
6724,0.8652094717668488
6725,0.9787472035794184
6726,0.9787472035794184
6727,0.3937007874015748
6728,0.9787472035794184
6729,0.8652094717668488
6730,0.3937007874015748
6731,0.00738255033557047
6732,0.9787472035794184
6733,0.7071129707112971
6734,0.9787472035794184
6735,0.7071129707112971
6736,0.00738255033557047
6737,0.00738255033557047
6738,0.9787472035794184
6739,0.00738255033557047
6740,0.00738255033557047
6741,0.00738255033557047
6742,0.9787472035794184
6743,0.8652094717668488
6744,0.9787472035794184
6745,0.00738255033557047
6746,0.9787472035794184
6747,0.00738255033557047
6748,0.9787472035794184
6749,0.9787472035794184
6750,0.9787472035794184
6751,0.13877551020408163
6752,0.9787472035794184
6753,0.9787472035794184
6754,0.7071129707112971
6755,0.7071129707112971
6756,0.00738255033557047
6757,0.9787472035794184
6758,0.7071129707112971
6759,0.3937007874015748
6760,0.3937007874015748
6761,0.00738255033557047
6762,0.9787472035794184
6763,0.9787472035794184
6764,0.00738255033557047
6765,0.00738255033557047
6766,0.00738255033557047
6767,0.9787472035794184
6768,0.7071129707112971
6769,0.7071129707112971
6770,0.8652094717668488
6771,0.00738255033557047
6772,0.9787472035794184
6773,0.9787472035794184
6774,0.9787472035794184
6775,0.00738255033557047
6776,0.9787472035794184
6777,0.9787472035794184
6778,0.00738255033557047
6779,0.00738255033557047
6780,0.2906574394463668
6781,0.9787472035794184
6782,0.00738255033557047
6783,0.13877551020408163
6784,0.9787472035794184
6785,0.7071129707112971
6786,0.9787472035794184
6787,0.9787472035794184
6788,0.00738255033557047
6789,0.7071129707112971
6790,0.9787472035794184
6791,0.9787472035794184
6792,0.00738255033557047
6793,0.9787472035794184
6794,0.2906574394463668
6795,0.9787472035794184
6796,0.7071129707112971
6797,0.9787472035794184
6798,0.00738255033557047
6799,0.9787472035794184
6800,0.7071129707112971
6801,0.8652094717668488
6802,0.8652094717668488
6803,0.8652094717668488
6804,0.9787472035794184
6805,0.00738255033557047
6806,0.9787472035794184
6807,0.00738255033557047
6808,0.8652094717668488
6809,0.00738255033557047
6810,0.7071129707112971
6811,0.9787472035794184
6812,0.9787472035794184
6813,0.9787472035794184
6814,0.3937007874015748
6815,0.7071129707112971
6816,0.00738255033557047
6817,0.00738255033557047
6818,0.8652094717668488
6819,0.9787472035794184
6820,0.9787472035794184
6821,0.9787472035794184
6822,0.00738255033557047
6823,0.9787472035794184
6824,0.00738255033557047
6825,0.00738255033557047
6826,0.00738255033557047
6827,0.9787472035794184
6828,0.9787472035794184
6829,0.00738255033557047
6830,0.8652094717668488
6831,0.7071129707112971
6832,0.7071129707112971
6833,0.3937007874015748
6834,0.7071129707112971
6835,0.00738255033557047
6836,0.9787472035794184
6837,0.9787472035794184
6838,0.00738255033557047
6839,0.00738255033557047
6840,0.00738255033557047
6841,0.8652094717668488
6842,0.9787472035794184
6843,0.8652094717668488
6844,0.9787472035794184
6845,0.8652094717668488
6846,0.9787472035794184
6847,0.00738255033557047
6848,0.00738255033557047
6849,0.00738255033557047
6850,0.9787472035794184
6851,0.9787472035794184
6852,0.2906574394463668
6853,0.2906574394463668
6854,0.9787472035794184
6855,0.00738255033557047
6856,0.8652094717668488
6857,0.00738255033557047
6858,0.00738255033557047
6859,0.7071129707112971
6860,0.3937007874015748
6861,0.9787472035794184
6862,0.00738255033557047
6863,0.8652094717668488
6864,0.00738255033557047
6865,0.9787472035794184
6866,0.9787472035794184
6867,0.00738255033557047
6868,0.00738255033557047
6869,0.9787472035794184
6870,0.13877551020408163
6871,0.9787472035794184
6872,0.00738255033557047
6873,0.00738255033557047
6874,0.2906574394463668
6875,0.7071129707112971
6876,0.00738255033557047
6877,0.9787472035794184
6878,0.00738255033557047
6879,0.2906574394463668
6880,0.2906574394463668
6881,0.00738255033557047
6882,0.00738255033557047
6883,0.00738255033557047
6884,0.9787472035794184
6885,0.9787472035794184
6886,0.7071129707112971
6887,0.00738255033557047
6888,0.3937007874015748
6889,0.9787472035794184
6890,0.8652094717668488
6891,0.00738255033557047
6892,0.00738255033557047
6893,0.7071129707112971
6894,0.7071129707112971
6895,0.8652094717668488
6896,0.13877551020408163
6897,0.7071129707112971
6898,0.2906574394463668
6899,0.9787472035794184
6900,0.13877551020408163
6901,0.8652094717668488
6902,0.00738255033557047
6903,0.9787472035794184
6904,0.00738255033557047
6905,0.00738255033557047
6906,0.9787472035794184
6907,0.2906574394463668
6908,0.9787472035794184
6909,0.9787472035794184
6910,0.8652094717668488
6911,0.9787472035794184
6912,0.00738255033557047
6913,0.9787472035794184
6914,0.9787472035794184
6915,0.00738255033557047
6916,0.13877551020408163
6917,0.8652094717668488
6918,0.00738255033557047
6919,0.13877551020408163
6920,0.00738255033557047
6921,0.00738255033557047
6922,0.00738255033557047
6923,0.9787472035794184
6924,0.8652094717668488
6925,0.00738255033557047
6926,0.9787472035794184
6927,0.7071129707112971
6928,0.00738255033557047
6929,0.9787472035794184
6930,0.7071129707112971
6931,0.00738255033557047
6932,0.7071129707112971
6933,0.7071129707112971
6934,0.00738255033557047
6935,0.7071129707112971
6936,0.00738255033557047
6937,0.9787472035794184
6938,0.00738255033557047
6939,0.00738255033557047
6940,0.9787472035794184
6941,0.00738255033557047
6942,0.7071129707112971
6943,0.00738255033557047
6944,0.00738255033557047
6945,0.9787472035794184
6946,0.00738255033557047
6947,0.00738255033557047
6948,0.00738255033557047
6949,0.13877551020408163
6950,0.13877551020408163
6951,0.9787472035794184
6952,0.9787472035794184
6953,0.8652094717668488
6954,0.3937007874015748
6955,0.9787472035794184
6956,0.9787472035794184
6957,0.00738255033557047
6958,0.00738255033557047
6959,0.00738255033557047
6960,0.9787472035794184
6961,0.8652094717668488
6962,0.9787472035794184
6963,0.9787472035794184
6964,0.9787472035794184
6965,0.7071129707112971
6966,0.9787472035794184
6967,0.9787472035794184
6968,0.00738255033557047
6969,0.9787472035794184
6970,0.00738255033557047
6971,0.00738255033557047
6972,0.13877551020408163
6973,0.7071129707112971
6974,0.7071129707112971
6975,0.7071129707112971
6976,0.00738255033557047
6977,0.00738255033557047
6978,0.7071129707112971
6979,0.9787472035794184
6980,0.8652094717668488
6981,0.9787472035794184
6982,0.00738255033557047
6983,0.7071129707112971
6984,0.9787472035794184
6985,0.2906574394463668
6986,0.9787472035794184
6987,0.9787472035794184
6988,0.7071129707112971
6989,0.9787472035794184
6990,0.00738255033557047
6991,0.9787472035794184
6992,0.9787472035794184
6993,0.13877551020408163
6994,0.00738255033557047
6995,0.13877551020408163
6996,0.9787472035794184
6997,0.9787472035794184
6998,0.00738255033557047
6999,0.9787472035794184
7000,0.3937007874015748
7001,0.9787472035794184
7002,0.9787472035794184
7003,0.9787472035794184
7004,0.2906574394463668
7005,0.00738255033557047
7006,0.8652094717668488
7007,0.2906574394463668
7008,0.2906574394463668
7009,0.13877551020408163
7010,0.8652094717668488
7011,0.9787472035794184
7012,0.7071129707112971
7013,0.9787472035794184
7014,0.7071129707112971
7015,0.00738255033557047
7016,0.9787472035794184
7017,0.7071129707112971
7018,0.7071129707112971
7019,0.13877551020408163
7020,0.00738255033557047
7021,0.00738255033557047
7022,0.9787472035794184
7023,0.7071129707112971
7024,0.9787472035794184
7025,0.8652094717668488
7026,0.9787472035794184
7027,0.00738255033557047
7028,0.9787472035794184
7029,0.2906574394463668
7030,0.00738255033557047
7031,0.9787472035794184
7032,0.9787472035794184
7033,0.00738255033557047
7034,0.9787472035794184
7035,0.9787472035794184
7036,0.13877551020408163
7037,0.9787472035794184
7038,0.7071129707112971
7039,0.9787472035794184
7040,0.8652094717668488
7041,0.9787472035794184
7042,0.9787472035794184
7043,0.00738255033557047
7044,0.9787472035794184
7045,0.00738255033557047
7046,0.00738255033557047
7047,0.7071129707112971
7048,0.00738255033557047
7049,0.9787472035794184
7050,0.00738255033557047
7051,0.9787472035794184
7052,0.2906574394463668
7053,0.13877551020408163
7054,0.8652094717668488
7055,0.13877551020408163
7056,0.00738255033557047
7057,0.8652094717668488
7058,0.9787472035794184
7059,0.00738255033557047
7060,0.9787472035794184
7061,0.00738255033557047
7062,0.9787472035794184
7063,0.00738255033557047
7064,0.9787472035794184
7065,0.9787472035794184
7066,0.00738255033557047
7067,0.00738255033557047
7068,0.9787472035794184
7069,0.00738255033557047
7070,0.7071129707112971
7071,0.8652094717668488
7072,0.7071129707112971
7073,0.00738255033557047
7074,0.00738255033557047
7075,0.7071129707112971
7076,0.00738255033557047
7077,0.9787472035794184
7078,0.9787472035794184
7079,0.8652094717668488
7080,0.00738255033557047
7081,0.00738255033557047
7082,0.00738255033557047
7083,0.7071129707112971
7084,0.9787472035794184
7085,0.00738255033557047
7086,0.6764705882352942
7087,0.9787472035794184
7088,0.9787472035794184
7089,0.2906574394463668
7090,0.9787472035794184
7091,0.9787472035794184
7092,0.7071129707112971
7093,0.8652094717668488
7094,0.2906574394463668
7095,0.9787472035794184
7096,0.00738255033557047
7097,0.7071129707112971
7098,0.8652094717668488
7099,0.00738255033557047
7100,0.00738255033557047
7101,0.7071129707112971
7102,0.00738255033557047
7103,0.7071129707112971
7104,0.9787472035794184
7105,0.00738255033557047
7106,0.8652094717668488
7107,0.9787472035794184
7108,0.9787472035794184
7109,0.2906574394463668
7110,0.9787472035794184
7111,0.00738255033557047
7112,0.00738255033557047
7113,0.9787472035794184
7114,0.2906574394463668
7115,0.13877551020408163
7116,0.00738255033557047
7117,0.8652094717668488
7118,0.00738255033557047
7119,0.13877551020408163
7120,0.3937007874015748
7121,0.8652094717668488
7122,0.9787472035794184
7123,0.8652094717668488
7124,0.7071129707112971
7125,0.00738255033557047
7126,0.9787472035794184
7127,0.7071129707112971
7128,0.9787472035794184
7129,0.9787472035794184
7130,0.9787472035794184
7131,0.7071129707112971
7132,0.00738255033557047
7133,0.7071129707112971
7134,0.9787472035794184
7135,0.00738255033557047
7136,0.7071129707112971
7137,0.8652094717668488
7138,0.9787472035794184
7139,0.00738255033557047
7140,0.00738255033557047
7141,0.9787472035794184
7142,0.13877551020408163
7143,0.00738255033557047
7144,0.2906574394463668
7145,0.00738255033557047
7146,0.9787472035794184
7147,0.00738255033557047
7148,0.00738255033557047
7149,0.8652094717668488
7150,0.3937007874015748
7151,0.9787472035794184
7152,0.00738255033557047
7153,0.9787472035794184
7154,0.9787472035794184
7155,0.00738255033557047
7156,0.00738255033557047
7157,0.8652094717668488
7158,0.2906574394463668
7159,0.00738255033557047
7160,0.9787472035794184
7161,0.9787472035794184
7162,0.2906574394463668
7163,0.9787472035794184
7164,0.00738255033557047
7165,0.00738255033557047
7166,0.8652094717668488
7167,0.00738255033557047
7168,0.7071129707112971
7169,0.9787472035794184
7170,0.2906574394463668
7171,0.00738255033557047
7172,0.9787472035794184
7173,0.9787472035794184
7174,0.9787472035794184
7175,0.7071129707112971
7176,0.00738255033557047
7177,0.3937007874015748
7178,0.9787472035794184
7179,0.8652094717668488
7180,0.8652094717668488
7181,0.7071129707112971
7182,0.00738255033557047
7183,0.00738255033557047
7184,0.00738255033557047
7185,0.00738255033557047
7186,0.8652094717668488
7187,0.7071129707112971
7188,0.00738255033557047
7189,0.9787472035794184
7190,0.00738255033557047
7191,0.9787472035794184
7192,0.7071129707112971
7193,0.8652094717668488
7194,0.00738255033557047
7195,0.00738255033557047
7196,0.9787472035794184
7197,0.7071129707112971
7198,0.7071129707112971
7199,0.8652094717668488
7200,0.9787472035794184
7201,0.13877551020408163
7202,0.9787472035794184
7203,0.9787472035794184
7204,0.9787472035794184
7205,0.9787472035794184
7206,0.9787472035794184
7207,0.8652094717668488
7208,0.6764705882352942
7209,0.9787472035794184
7210,0.9787472035794184
7211,0.7071129707112971
7212,0.3937007874015748
7213,0.9787472035794184
7214,0.9787472035794184
7215,0.9787472035794184
7216,0.2906574394463668
7217,0.8652094717668488
7218,0.00738255033557047
7219,0.9787472035794184
7220,0.9787472035794184
7221,0.9787472035794184
7222,0.9787472035794184
7223,0.00738255033557047
7224,0.9787472035794184
7225,0.9787472035794184
7226,0.9787472035794184
7227,0.7071129707112971
7228,0.00738255033557047
7229,0.00738255033557047
7230,0.13877551020408163
7231,0.8652094717668488
7232,0.7071129707112971
7233,0.9787472035794184
7234,0.9787472035794184
7235,0.9787472035794184
7236,0.00738255033557047
7237,0.9787472035794184
7238,0.00738255033557047
7239,0.00738255033557047
7240,0.8652094717668488
7241,0.7071129707112971
7242,0.8652094717668488
7243,0.9787472035794184
7244,0.3937007874015748
7245,0.9787472035794184
7246,0.13877551020408163
7247,0.13877551020408163
7248,0.9787472035794184
7249,0.00738255033557047
7250,0.9787472035794184
7251,0.9787472035794184
7252,0.2906574394463668
7253,0.8652094717668488
7254,0.00738255033557047
7255,0.8652094717668488
7256,0.00738255033557047
7257,0.9787472035794184
7258,0.9787472035794184
7259,0.7071129707112971
7260,0.00738255033557047
7261,0.2906574394463668
7262,0.2906574394463668
7263,0.8652094717668488
7264,0.2906574394463668
7265,0.8652094717668488
7266,0.9787472035794184
7267,0.9787472035794184
7268,0.00738255033557047
7269,0.00738255033557047
7270,0.9787472035794184
7271,0.8652094717668488
7272,0.8652094717668488
7273,0.9787472035794184
7274,0.8652094717668488
7275,0.8652094717668488
7276,0.9787472035794184
7277,0.9787472035794184
7278,0.00738255033557047
7279,0.00738255033557047
7280,0.7071129707112971
7281,0.9787472035794184
7282,0.9787472035794184
7283,0.00738255033557047
7284,0.9787472035794184
7285,0.9787472035794184
7286,0.9787472035794184
7287,0.00738255033557047
7288,0.9787472035794184
7289,0.9787472035794184
7290,0.8652094717668488
7291,0.3937007874015748
7292,0.13877551020408163
7293,0.9787472035794184
7294,0.7071129707112971
7295,0.8652094717668488
7296,0.7071129707112971
7297,0.9787472035794184
7298,0.00738255033557047
7299,0.9787472035794184
7300,0.00738255033557047
7301,0.9787472035794184
7302,0.8652094717668488
7303,0.9787472035794184
7304,0.9787472035794184
7305,0.8652094717668488
7306,0.9787472035794184
7307,0.7071129707112971
7308,0.9787472035794184
7309,0.9787472035794184
7310,0.8652094717668488
7311,0.9787472035794184
7312,0.7071129707112971
7313,0.7071129707112971
7314,0.7071129707112971
7315,0.00738255033557047
7316,0.13877551020408163
7317,0.00738255033557047
7318,0.3937007874015748
7319,0.9787472035794184
7320,0.9787472035794184
7321,0.8652094717668488
7322,0.00738255033557047
7323,0.00738255033557047
7324,0.00738255033557047
7325,0.00738255033557047
7326,0.9787472035794184
7327,0.00738255033557047
7328,0.8652094717668488
7329,0.9787472035794184
7330,0.9787472035794184
7331,0.9787472035794184
7332,0.9787472035794184
7333,0.9787472035794184
7334,0.00738255033557047
7335,0.00738255033557047
7336,0.00738255033557047
7337,0.9787472035794184
7338,0.2906574394463668
7339,0.9787472035794184
7340,0.00738255033557047
7341,0.7071129707112971
7342,0.9787472035794184
7343,0.00738255033557047
7344,0.00738255033557047
7345,0.13877551020408163
7346,0.9787472035794184
7347,0.00738255033557047
7348,0.2906574394463668
7349,0.9787472035794184
7350,0.2906574394463668
7351,0.7071129707112971
7352,0.00738255033557047
7353,0.00738255033557047
7354,0.3937007874015748
7355,0.00738255033557047
7356,0.00738255033557047
7357,0.8652094717668488
7358,0.3937007874015748
7359,0.9787472035794184
7360,0.9787472035794184
7361,0.9787472035794184
7362,0.7071129707112971
7363,0.00738255033557047
7364,0.9787472035794184
7365,0.7071129707112971
7366,0.9787472035794184
7367,0.2906574394463668
7368,0.7071129707112971
7369,0.00738255033557047
7370,0.00738255033557047
7371,0.9787472035794184
7372,0.00738255033557047
7373,0.9787472035794184
7374,0.00738255033557047
7375,0.9787472035794184
7376,0.9787472035794184
7377,0.9787472035794184
7378,0.8652094717668488
7379,0.9787472035794184
7380,0.00738255033557047
7381,0.13877551020408163
7382,0.9787472035794184
7383,0.00738255033557047
7384,0.7071129707112971
7385,0.13877551020408163
7386,0.9787472035794184
7387,0.9787472035794184
7388,0.9787472035794184
7389,0.9787472035794184
7390,0.00738255033557047
7391,0.00738255033557047
7392,0.00738255033557047
7393,0.00738255033557047
7394,0.9787472035794184
7395,0.9787472035794184
7396,0.00738255033557047
7397,0.9787472035794184
7398,0.2906574394463668
7399,0.9787472035794184
7400,0.9787472035794184
7401,0.00738255033557047
7402,0.8652094717668488
7403,0.8652094717668488
7404,0.9787472035794184
7405,0.00738255033557047
7406,0.00738255033557047
7407,0.9787472035794184
7408,0.00738255033557047
7409,0.00738255033557047
7410,0.00738255033557047
7411,0.00738255033557047
7412,0.00738255033557047
7413,0.7071129707112971
7414,0.9787472035794184
7415,0.00738255033557047
7416,0.00738255033557047
7417,0.9787472035794184
7418,0.3937007874015748
7419,0.9787472035794184
7420,0.9787472035794184
7421,0.9787472035794184
7422,0.9787472035794184
7423,0.9787472035794184
7424,0.00738255033557047
7425,0.9787472035794184
7426,0.13877551020408163
7427,0.8652094717668488
7428,0.00738255033557047
7429,0.00738255033557047
7430,0.9787472035794184
7431,0.00738255033557047
7432,0.13877551020408163
7433,0.9787472035794184
7434,0.2906574394463668
7435,0.8652094717668488
7436,0.7071129707112971
7437,0.7071129707112971
7438,0.00738255033557047
7439,0.00738255033557047
7440,0.8652094717668488
7441,0.9787472035794184
7442,0.00738255033557047
7443,0.2906574394463668
7444,0.9787472035794184
7445,0.9787472035794184
7446,0.7071129707112971
7447,0.2906574394463668
7448,0.00738255033557047
7449,0.9787472035794184
7450,0.7071129707112971
7451,0.00738255033557047
7452,0.7071129707112971
7453,0.3937007874015748
7454,0.9787472035794184
7455,0.8652094717668488
7456,0.00738255033557047
7457,0.00738255033557047
7458,0.00738255033557047
7459,0.00738255033557047
7460,0.00738255033557047
7461,0.9787472035794184
7462,0.9787472035794184
7463,0.9787472035794184
7464,0.00738255033557047
7465,0.9787472035794184
7466,0.3937007874015748
7467,0.7071129707112971
7468,0.00738255033557047
7469,0.7071129707112971
7470,0.9787472035794184
7471,0.00738255033557047
7472,0.00738255033557047
7473,0.9787472035794184
7474,0.00738255033557047
7475,0.9787472035794184
7476,0.8652094717668488
7477,0.00738255033557047
7478,0.00738255033557047
7479,0.00738255033557047
7480,0.2906574394463668
7481,0.9787472035794184
7482,0.00738255033557047
7483,0.00738255033557047
7484,0.8652094717668488
7485,0.9787472035794184
7486,0.00738255033557047
7487,0.9787472035794184
7488,0.9787472035794184
7489,0.9787472035794184
7490,0.00738255033557047
7491,0.9787472035794184
7492,0.7071129707112971
7493,0.8652094717668488
7494,0.9787472035794184
7495,0.00738255033557047
7496,0.00738255033557047
7497,0.9787472035794184
7498,0.9787472035794184
7499,0.7071129707112971
7500,0.8652094717668488
7501,0.9787472035794184
7502,0.3937007874015748
7503,0.9787472035794184
7504,0.9787472035794184
7505,0.9787472035794184
7506,0.8652094717668488
7507,0.00738255033557047
7508,0.13877551020408163
7509,0.2906574394463668
7510,0.00738255033557047
7511,0.8652094717668488
7512,0.00738255033557047
7513,0.00738255033557047
7514,0.13877551020408163
7515,0.9787472035794184
7516,0.9787472035794184
7517,0.00738255033557047
7518,0.00738255033557047
7519,0.9787472035794184
7520,0.00738255033557047
7521,0.00738255033557047
7522,0.3937007874015748
7523,0.7071129707112971
7524,0.00738255033557047
7525,0.00738255033557047
7526,0.9787472035794184
7527,0.9787472035794184
7528,0.7071129707112971
7529,0.9787472035794184
7530,0.9787472035794184
7531,0.8652094717668488
7532,0.3937007874015748
7533,0.9787472035794184
7534,0.7071129707112971
7535,0.00738255033557047
7536,0.9787472035794184
7537,0.13877551020408163
7538,0.00738255033557047
7539,0.9787472035794184
7540,0.9787472035794184
7541,0.8652094717668488
7542,0.9787472035794184
7543,0.8652094717668488
7544,0.00738255033557047
7545,0.8652094717668488
7546,0.8652094717668488
7547,0.00738255033557047
7548,0.9787472035794184
7549,0.00738255033557047
7550,0.00738255033557047
7551,0.7071129707112971
7552,0.9787472035794184
7553,0.9787472035794184
7554,0.7071129707112971
7555,0.9787472035794184
7556,0.9787472035794184
7557,0.2906574394463668
7558,0.00738255033557047
7559,0.3937007874015748
7560,0.9787472035794184
7561,0.9787472035794184
7562,0.3937007874015748
7563,0.8652094717668488
7564,0.00738255033557047
7565,0.00738255033557047
7566,0.00738255033557047
7567,0.2906574394463668
7568,0.9787472035794184
7569,0.7071129707112971
7570,0.00738255033557047
7571,0.00738255033557047
7572,0.9787472035794184
7573,0.9787472035794184
7574,0.9787472035794184
7575,0.8652094717668488
7576,0.7071129707112971
7577,0.7071129707112971
7578,0.8652094717668488
7579,0.9787472035794184
7580,0.00738255033557047
7581,0.9787472035794184
7582,0.00738255033557047
7583,0.8652094717668488
7584,0.9787472035794184
7585,0.00738255033557047
7586,0.7071129707112971
7587,0.9787472035794184
7588,0.13877551020408163
7589,0.3937007874015748
7590,0.00738255033557047
7591,0.9787472035794184
7592,0.8652094717668488
7593,0.9787472035794184
7594,0.00738255033557047
7595,0.8652094717668488
7596,0.9787472035794184
7597,0.9787472035794184
7598,0.9787472035794184
7599,0.00738255033557047
7600,0.8652094717668488
7601,0.3937007874015748
7602,0.00738255033557047
7603,0.9787472035794184
7604,0.00738255033557047
7605,0.00738255033557047
7606,0.9787472035794184
7607,0.00738255033557047
7608,0.2906574394463668
7609,0.8652094717668488
7610,0.8652094717668488
7611,0.9787472035794184
7612,0.8652094717668488
7613,0.00738255033557047
7614,0.9787472035794184
7615,0.9787472035794184
7616,0.00738255033557047
7617,0.9787472035794184
7618,0.00738255033557047
7619,0.9787472035794184
7620,0.9787472035794184
7621,0.2906574394463668
7622,0.00738255033557047
7623,0.00738255033557047
7624,0.00738255033557047
7625,0.00738255033557047
7626,0.9787472035794184
7627,0.9787472035794184
7628,0.00738255033557047
7629,0.13877551020408163
7630,0.7071129707112971
7631,0.9787472035794184
7632,0.7071129707112971
7633,0.9787472035794184
7634,0.7071129707112971
7635,0.9787472035794184
7636,0.00738255033557047
7637,0.8652094717668488
7638,0.8652094717668488
7639,0.9787472035794184
7640,0.9787472035794184
7641,0.8652094717668488
7642,0.7071129707112971
7643,0.9787472035794184
7644,0.9787472035794184
7645,0.00738255033557047
7646,0.9787472035794184
7647,0.00738255033557047
7648,0.2906574394463668
7649,0.9787472035794184
7650,0.9787472035794184
7651,0.00738255033557047
7652,0.00738255033557047
7653,0.9787472035794184
7654,0.00738255033557047
7655,0.9787472035794184
7656,0.00738255033557047
7657,0.00738255033557047
7658,0.9787472035794184
7659,0.00738255033557047
7660,0.9787472035794184
7661,0.9787472035794184
7662,0.9787472035794184
7663,0.00738255033557047
7664,0.00738255033557047
7665,0.7071129707112971
7666,0.8652094717668488
7667,0.9787472035794184
7668,0.00738255033557047
7669,0.9787472035794184
7670,0.00738255033557047
7671,0.3937007874015748
7672,0.00738255033557047
7673,0.9787472035794184
7674,0.00738255033557047
7675,0.00738255033557047
7676,0.00738255033557047
7677,0.7071129707112971
7678,0.9787472035794184
7679,0.8652094717668488
7680,0.9787472035794184
7681,0.00738255033557047
7682,0.00738255033557047
7683,0.9787472035794184
7684,0.8652094717668488
7685,0.9787472035794184
7686,0.9787472035794184
7687,0.2906574394463668
7688,0.00738255033557047
7689,0.7071129707112971
7690,0.8652094717668488
7691,0.00738255033557047
7692,0.8652094717668488
7693,0.3937007874015748
7694,0.8652094717668488
7695,0.3937007874015748
7696,0.00738255033557047
7697,0.2906574394463668
7698,0.00738255033557047
7699,0.9787472035794184
7700,0.9787472035794184
7701,0.9787472035794184
7702,0.00738255033557047
7703,0.00738255033557047
7704,0.00738255033557047
7705,0.8652094717668488
7706,0.9787472035794184
7707,0.8652094717668488
7708,0.9787472035794184
7709,0.2906574394463668
7710,0.9787472035794184
7711,0.9787472035794184
7712,0.9787472035794184
7713,0.00738255033557047
7714,0.9787472035794184
7715,0.7071129707112971
7716,0.2906574394463668
7717,0.00738255033557047
7718,0.9787472035794184
7719,0.9787472035794184
7720,0.9787472035794184
7721,0.7071129707112971
7722,0.8652094717668488
7723,0.00738255033557047
7724,0.9787472035794184
7725,0.8652094717668488
7726,0.2906574394463668
7727,0.7071129707112971
7728,0.9787472035794184
7729,0.9787472035794184
7730,0.8652094717668488
7731,0.00738255033557047
7732,0.7071129707112971
7733,0.00738255033557047
7734,0.9787472035794184
7735,0.9787472035794184
7736,0.9787472035794184
7737,0.00738255033557047
7738,0.2906574394463668
7739,0.9787472035794184
7740,0.9787472035794184
7741,0.00738255033557047
7742,0.8652094717668488
7743,0.7071129707112971
7744,0.6764705882352942
7745,0.00738255033557047
7746,0.00738255033557047
7747,0.9787472035794184
7748,0.9787472035794184
7749,0.8652094717668488
7750,0.2906574394463668
7751,0.00738255033557047
7752,0.7071129707112971
7753,0.3937007874015748
7754,0.7071129707112971
7755,0.00738255033557047
7756,0.00738255033557047
7757,0.13877551020408163
7758,0.00738255033557047
7759,0.9787472035794184
7760,0.13877551020408163
7761,0.9787472035794184
7762,0.2906574394463668
7763,0.9787472035794184
7764,0.9787472035794184
7765,0.2906574394463668
7766,0.9787472035794184
7767,0.9787472035794184
7768,0.8652094717668488
7769,0.2906574394463668
7770,0.00738255033557047
7771,0.9787472035794184
7772,0.00738255033557047
7773,0.9787472035794184
7774,0.00738255033557047
7775,0.9787472035794184
7776,0.2906574394463668
7777,0.00738255033557047
7778,0.2906574394463668
7779,0.00738255033557047
7780,0.8652094717668488
7781,0.8652094717668488
7782,0.7071129707112971
7783,0.7071129707112971
7784,0.9787472035794184
7785,0.9787472035794184
7786,0.8652094717668488
7787,0.7071129707112971
7788,0.8652094717668488
7789,0.7071129707112971
7790,0.00738255033557047
7791,0.13877551020408163
7792,0.9787472035794184
7793,0.9787472035794184
7794,0.00738255033557047
7795,0.9787472035794184
7796,0.9787472035794184
7797,0.8652094717668488
7798,0.8652094717668488
7799,0.8652094717668488
7800,0.9787472035794184
7801,0.9787472035794184
7802,0.9787472035794184
7803,0.00738255033557047
7804,0.2906574394463668
7805,0.00738255033557047
7806,0.7071129707112971
7807,0.00738255033557047
7808,0.9787472035794184
7809,0.9787472035794184
7810,0.00738255033557047
7811,0.00738255033557047
7812,0.7071129707112971
7813,0.7071129707112971
7814,0.2906574394463668
7815,0.9787472035794184
7816,0.9787472035794184
7817,0.00738255033557047
7818,0.9787472035794184
7819,0.9787472035794184
7820,0.9787472035794184
7821,0.9787472035794184
7822,0.00738255033557047
7823,0.00738255033557047
7824,0.9787472035794184
7825,0.9787472035794184
7826,0.9787472035794184
7827,0.13877551020408163
7828,0.9787472035794184
7829,0.7071129707112971
7830,0.9787472035794184
7831,0.00738255033557047
7832,0.00738255033557047
7833,0.8652094717668488
7834,0.8652094717668488
7835,0.00738255033557047
7836,0.9787472035794184
7837,0.3937007874015748
7838,0.8652094717668488
7839,0.13877551020408163
7840,0.00738255033557047
7841,0.8652094717668488
7842,0.00738255033557047
7843,0.00738255033557047
7844,0.9787472035794184
7845,0.8652094717668488
7846,0.00738255033557047
7847,0.00738255033557047
7848,0.9787472035794184
7849,0.8652094717668488
7850,0.00738255033557047
7851,0.00738255033557047
7852,0.00738255033557047
7853,0.8652094717668488
7854,0.9787472035794184
7855,0.8652094717668488
7856,0.00738255033557047
7857,0.9787472035794184
7858,0.00738255033557047
7859,0.9787472035794184
7860,0.13877551020408163
7861,0.00738255033557047
7862,0.2906574394463668
7863,0.00738255033557047
7864,0.9787472035794184
7865,0.9787472035794184
7866,0.9787472035794184
7867,0.00738255033557047
7868,0.9787472035794184
7869,0.9787472035794184
7870,0.9787472035794184
7871,0.00738255033557047
7872,0.2906574394463668
7873,0.00738255033557047
7874,0.00738255033557047
7875,0.13877551020408163
7876,0.9787472035794184
7877,0.3937007874015748
7878,0.00738255033557047
7879,0.7071129707112971
7880,0.00738255033557047
7881,0.9787472035794184
7882,0.8652094717668488
7883,0.8652094717668488
7884,0.3937007874015748
7885,0.7071129707112971
7886,0.2906574394463668
7887,0.7071129707112971
7888,0.00738255033557047
7889,0.7071129707112971
7890,0.7071129707112971
7891,0.7071129707112971
7892,0.00738255033557047
7893,0.9787472035794184
7894,0.8652094717668488
7895,0.00738255033557047
7896,0.13877551020408163
7897,0.7071129707112971
7898,0.9787472035794184
7899,0.9787472035794184
7900,0.00738255033557047
7901,0.9787472035794184
7902,0.7071129707112971
7903,0.00738255033557047
7904,0.9787472035794184
7905,0.9787472035794184
7906,0.00738255033557047
7907,0.9787472035794184
7908,0.8652094717668488
7909,0.9787472035794184
7910,0.2906574394463668
7911,0.9787472035794184
7912,0.8652094717668488
7913,0.9787472035794184
7914,0.9787472035794184
7915,0.00738255033557047
7916,0.8652094717668488
7917,0.9787472035794184
7918,0.7071129707112971
7919,0.8652094717668488
7920,0.9787472035794184
7921,0.00738255033557047
7922,0.9787472035794184
7923,0.9787472035794184
7924,0.9787472035794184
7925,0.00738255033557047
7926,0.00738255033557047
7927,0.8652094717668488
7928,0.2906574394463668
7929,0.9787472035794184
7930,0.7071129707112971
7931,0.8652094717668488
7932,0.9787472035794184
7933,0.8652094717668488
7934,0.9787472035794184
7935,0.00738255033557047
7936,0.13877551020408163
7937,0.2906574394463668
7938,0.13877551020408163
7939,0.7071129707112971
7940,0.00738255033557047
7941,0.9787472035794184
7942,0.7071129707112971
7943,0.13877551020408163
7944,0.00738255033557047
7945,0.9787472035794184
7946,0.9787472035794184
7947,0.00738255033557047
7948,0.2906574394463668
7949,0.9787472035794184
7950,0.9787472035794184
7951,0.9787472035794184
7952,0.7071129707112971
7953,0.2906574394463668
7954,0.9787472035794184
7955,0.00738255033557047
7956,0.9787472035794184
7957,0.9787472035794184
7958,0.00738255033557047
7959,0.00738255033557047
7960,0.8652094717668488
7961,0.2906574394463668
7962,0.00738255033557047
7963,0.3937007874015748
7964,0.00738255033557047
7965,0.9787472035794184
7966,0.00738255033557047
7967,0.9787472035794184
7968,0.00738255033557047
7969,0.00738255033557047
7970,0.00738255033557047
7971,0.00738255033557047
7972,0.9787472035794184
7973,0.8652094717668488
7974,0.9787472035794184
7975,0.9787472035794184
7976,0.00738255033557047
7977,0.13877551020408163
7978,0.9787472035794184
7979,0.3937007874015748
7980,0.8652094717668488
7981,0.8652094717668488
7982,0.8652094717668488
7983,0.7071129707112971
7984,0.9787472035794184
7985,0.13877551020408163
7986,0.00738255033557047
7987,0.8652094717668488
7988,0.8652094717668488
7989,0.8652094717668488
7990,0.9787472035794184
7991,0.8652094717668488
7992,0.9787472035794184
7993,0.00738255033557047
7994,0.00738255033557047
7995,0.00738255033557047
7996,0.9787472035794184
7997,0.9787472035794184
7998,0.7071129707112971
7999,0.9787472035794184
8000,0.2906574394463668
8001,0.8652094717668488
8002,0.00738255033557047
8003,0.2906574394463668
8004,0.00738255033557047
8005,0.00738255033557047
8006,0.3937007874015748
8007,0.00738255033557047
8008,0.7071129707112971
8009,0.8652094717668488
8010,0.9787472035794184
8011,0.00738255033557047
8012,0.9787472035794184
8013,0.00738255033557047
8014,0.7071129707112971
8015,0.7071129707112971
8016,0.7071129707112971
8017,0.8652094717668488
8018,0.9787472035794184
8019,0.00738255033557047
8020,0.9787472035794184
8021,0.00738255033557047
8022,0.9787472035794184
8023,0.3937007874015748
8024,0.3937007874015748
8025,0.00738255033557047
8026,0.9787472035794184
8027,0.9787472035794184
8028,0.00738255033557047
8029,0.9787472035794184
8030,0.7071129707112971
8031,0.13877551020408163
8032,0.9787472035794184
8033,0.00738255033557047
8034,0.8652094717668488
8035,0.7071129707112971
8036,0.13877551020408163
8037,0.00738255033557047
8038,0.9787472035794184
8039,0.9787472035794184
8040,0.00738255033557047
8041,0.9787472035794184
8042,0.9787472035794184
8043,0.9787472035794184
8044,0.9787472035794184
8045,0.13877551020408163
8046,0.00738255033557047
8047,0.3937007874015748
8048,0.9787472035794184
8049,0.00738255033557047
8050,0.7071129707112971
8051,0.13877551020408163
8052,0.9787472035794184
8053,0.00738255033557047
8054,0.7071129707112971
8055,0.8652094717668488
8056,0.9787472035794184
8057,0.2906574394463668
8058,0.00738255033557047
8059,0.8652094717668488
8060,0.9787472035794184
8061,0.9787472035794184
8062,0.00738255033557047
8063,0.00738255033557047
8064,0.2906574394463668
8065,0.00738255033557047
8066,0.7071129707112971
8067,0.00738255033557047
8068,0.8652094717668488
8069,0.00738255033557047
8070,0.00738255033557047
8071,0.9787472035794184
8072,0.9787472035794184
8073,0.6764705882352942
8074,0.7071129707112971
8075,0.00738255033557047
8076,0.9787472035794184
8077,0.00738255033557047
8078,0.3937007874015748
8079,0.00738255033557047
8080,0.2906574394463668
8081,0.9787472035794184
8082,0.8652094717668488
8083,0.00738255033557047
8084,0.9787472035794184
8085,0.00738255033557047
8086,0.9787472035794184
8087,0.13877551020408163
8088,0.9787472035794184
8089,0.6764705882352942
8090,0.7071129707112971
8091,0.9787472035794184
8092,0.2906574394463668
8093,0.7071129707112971
8094,0.9787472035794184
8095,0.7071129707112971
8096,0.7071129707112971
8097,0.9787472035794184
8098,0.00738255033557047
8099,0.9787472035794184
8100,0.00738255033557047
8101,0.00738255033557047
8102,0.13877551020408163
8103,0.00738255033557047
8104,0.9787472035794184
8105,0.00738255033557047
8106,0.9787472035794184
8107,0.3937007874015748
8108,0.00738255033557047
8109,0.00738255033557047
8110,0.13877551020408163
8111,0.2906574394463668
8112,0.00738255033557047
8113,0.9787472035794184
8114,0.3937007874015748
8115,0.9787472035794184
8116,0.00738255033557047
8117,0.00738255033557047
8118,0.9787472035794184
8119,0.00738255033557047
8120,0.9787472035794184
8121,0.9787472035794184
8122,0.00738255033557047
8123,0.13877551020408163
8124,0.7071129707112971
8125,0.00738255033557047
8126,0.13877551020408163
8127,0.2906574394463668
8128,0.00738255033557047
8129,0.00738255033557047
8130,0.00738255033557047
8131,0.3937007874015748
8132,0.2906574394463668
8133,0.9787472035794184
8134,0.9787472035794184
8135,0.13877551020408163
8136,0.00738255033557047
8137,0.8652094717668488
8138,0.9787472035794184
8139,0.00738255033557047
8140,0.9787472035794184
8141,0.3937007874015748
8142,0.9787472035794184
8143,0.00738255033557047
8144,0.9787472035794184
8145,0.2906574394463668
8146,0.9787472035794184
8147,0.9787472035794184
8148,0.00738255033557047
8149,0.2906574394463668
8150,0.9787472035794184
8151,0.00738255033557047
8152,0.9787472035794184
8153,0.9787472035794184
8154,0.9787472035794184
8155,0.9787472035794184
8156,0.2906574394463668
8157,0.2906574394463668
8158,0.9787472035794184
8159,0.9787472035794184
8160,0.00738255033557047
8161,0.9787472035794184
8162,0.13877551020408163
8163,0.00738255033557047
8164,0.00738255033557047
8165,0.00738255033557047
8166,0.9787472035794184
8167,0.00738255033557047
8168,0.00738255033557047
8169,0.7071129707112971
8170,0.9787472035794184
8171,0.00738255033557047
8172,0.00738255033557047
8173,0.9787472035794184
8174,0.13877551020408163
8175,0.9787472035794184
8176,0.2906574394463668
8177,0.00738255033557047
8178,0.13877551020408163
8179,0.7071129707112971
8180,0.9787472035794184
8181,0.00738255033557047
8182,0.00738255033557047
8183,0.9787472035794184
8184,0.00738255033557047
8185,0.00738255033557047
8186,0.7071129707112971
8187,0.9787472035794184
8188,0.9787472035794184
8189,0.3937007874015748
8190,0.00738255033557047
8191,0.9787472035794184
8192,0.9787472035794184
8193,0.8652094717668488
8194,0.00738255033557047
8195,0.9787472035794184
8196,0.7071129707112971
8197,0.9787472035794184
8198,0.8652094717668488
8199,0.9787472035794184
8200,0.00738255033557047
8201,0.9787472035794184
8202,0.9787472035794184
8203,0.9787472035794184
8204,0.9787472035794184
8205,0.9787472035794184
8206,0.00738255033557047
8207,0.00738255033557047
8208,0.9787472035794184
8209,0.9787472035794184
8210,0.7071129707112971
8211,0.00738255033557047
8212,0.00738255033557047
8213,0.9787472035794184
8214,0.00738255033557047
8215,0.13877551020408163
8216,0.7071129707112971
8217,0.9787472035794184
8218,0.7071129707112971
8219,0.00738255033557047
8220,0.7071129707112971
8221,0.00738255033557047
8222,0.00738255033557047
8223,0.00738255033557047
8224,0.7071129707112971
8225,0.00738255033557047
8226,0.3937007874015748
8227,0.9787472035794184
8228,0.9787472035794184
8229,0.9787472035794184
8230,0.13877551020408163
8231,0.9787472035794184
8232,0.9787472035794184
8233,0.9787472035794184
8234,0.3937007874015748
8235,0.00738255033557047
8236,0.9787472035794184
8237,0.9787472035794184
8238,0.9787472035794184
8239,0.7071129707112971
8240,0.9787472035794184
8241,0.7071129707112971
8242,0.2906574394463668
8243,0.9787472035794184
8244,0.6764705882352942
8245,0.7071129707112971
8246,0.8652094717668488
8247,0.13877551020408163
8248,0.00738255033557047
8249,0.00738255033557047
8250,0.9787472035794184
8251,0.9787472035794184
8252,0.00738255033557047
8253,0.3937007874015748
8254,0.9787472035794184
8255,0.00738255033557047
8256,0.00738255033557047
8257,0.00738255033557047
8258,0.00738255033557047
8259,0.9787472035794184
8260,0.9787472035794184
8261,0.00738255033557047
8262,0.8652094717668488
8263,0.9787472035794184
8264,0.9787472035794184
8265,0.2906574394463668
8266,0.00738255033557047
8267,0.13877551020408163
8268,0.00738255033557047
8269,0.7071129707112971
8270,0.8652094717668488
8271,0.9787472035794184
8272,0.7071129707112971
8273,0.6764705882352942
8274,0.9787472035794184
8275,0.9787472035794184
8276,0.00738255033557047
8277,0.00738255033557047
8278,0.8652094717668488
8279,0.9787472035794184
8280,0.00738255033557047
8281,0.7071129707112971
8282,0.8652094717668488
8283,0.8652094717668488
8284,0.7071129707112971
8285,0.9787472035794184
8286,0.7071129707112971
8287,0.00738255033557047
8288,0.9787472035794184
8289,0.00738255033557047
8290,0.00738255033557047
8291,0.9787472035794184
8292,0.9787472035794184
8293,0.9787472035794184
8294,0.00738255033557047
8295,0.9787472035794184
8296,0.00738255033557047
8297,0.00738255033557047
8298,0.9787472035794184
8299,0.8652094717668488
8300,0.9787472035794184
8301,0.9787472035794184
8302,0.13877551020408163
8303,0.00738255033557047
8304,0.00738255033557047
8305,0.00738255033557047
8306,0.9787472035794184
8307,0.8652094717668488
8308,0.2906574394463668
8309,0.9787472035794184
8310,0.00738255033557047
8311,0.00738255033557047
8312,0.7071129707112971
8313,0.7071129707112971
8314,0.00738255033557047
8315,0.00738255033557047
8316,0.00738255033557047
8317,0.9787472035794184
8318,0.9787472035794184
8319,0.00738255033557047
8320,0.00738255033557047
8321,0.7071129707112971
8322,0.00738255033557047
8323,0.00738255033557047
8324,0.9787472035794184
8325,0.13877551020408163
8326,0.7071129707112971
8327,0.00738255033557047
8328,0.9787472035794184
8329,0.00738255033557047
8330,0.9787472035794184
8331,0.3937007874015748
8332,0.7071129707112971
8333,0.00738255033557047
8334,0.8652094717668488
8335,0.00738255033557047
8336,0.00738255033557047
8337,0.2906574394463668
8338,0.9787472035794184
8339,0.2906574394463668
8340,0.9787472035794184
8341,0.00738255033557047
8342,0.7071129707112971
8343,0.9787472035794184
8344,0.00738255033557047
8345,0.2906574394463668
8346,0.7071129707112971
8347,0.00738255033557047
8348,0.00738255033557047
8349,0.00738255033557047
8350,0.9787472035794184
8351,0.9787472035794184
8352,0.9787472035794184
8353,0.2906574394463668
8354,0.00738255033557047
8355,0.7071129707112971
8356,0.13877551020408163
8357,0.00738255033557047
8358,0.9787472035794184
8359,0.7071129707112971
8360,0.9787472035794184
8361,0.00738255033557047
8362,0.7071129707112971
8363,0.9787472035794184
8364,0.00738255033557047
8365,0.7071129707112971
8366,0.00738255033557047
8367,0.2906574394463668
8368,0.00738255033557047
8369,0.2906574394463668
8370,0.8652094717668488
8371,0.2906574394463668
8372,0.9787472035794184
8373,0.00738255033557047
8374,0.00738255033557047
8375,0.9787472035794184
8376,0.7071129707112971
8377,0.00738255033557047
8378,0.9787472035794184
8379,0.9787472035794184
8380,0.00738255033557047
8381,0.8652094717668488
8382,0.8652094717668488
8383,0.00738255033557047
8384,0.00738255033557047
